<?xml version="1.0" encoding="UTF-8" standalone="no" ?>
<travellingSalesmanProblemInstance>
  <graph>
    <vertex> 
      <edge cost="1">1</edge>
      <edge cost="9">2</edge>
	  <edge cost="4">3</edge>
    </vertex>

    <vertex> 
      <edge cost="1">0</edge>
      <edge cost="2">2</edge>
      <edge cost="8">3</edge>
    </vertex>

    <vertex> 
      <edge cost="9">0</edge>
      <edge cost="2">1</edge>
	  <edge cost="3">3</edge>
    </vertex>

    <vertex> 
      <edge cost="4">0</edge>
      <edge cost="8">1</edge>
      <edge cost="3">2</edge>
    </vertex>

  </graph>

</travellingSalesmanProblemInstance>